<?xml version="1.0"?>
<!-- Generated by darkFunction Editor (www.darkfunction.com) -->
<img name="newSpriteSheet.png" w="1024" h="1024">
  <definitions>
    <dir name="/">
      <dir name="player">
        <spr name="d_01" x="0" y="0" w="32" h="40"/>
        <spr name="d_02" x="40" y="0" w="28" h="40"/>
        <spr name="d_03" x="77" y="0" w="28" h="40"/>
        <spr name="l_01" x="0" y="102" w="24" h="40"/>
        <spr name="l_02" x="39" y="102" w="24" h="40"/>
        <spr name="l_03" x="77" y="102" w="28" h="40"/>
        <spr name="r_01" x="0" y="153" w="24" h="40"/>
        <spr name="r_02" x="38" y="153" w="24" h="40"/>
        <spr name="r_03" x="77" y="153" w="28" h="40"/>
        <spr name="u_01" x="0" y="51" w="32" h="40"/>
        <spr name="u_02" x="38" y="51" w="32" h="40"/>
        <spr name="u_03" x="77" y="51" w="32" h="40"/>
      </dir>
      <dir name="menu"/>
    </dir>
  </definitions>
</img>
